f0,f1,f2,f3,f4,f5,target
0.5018261264182708,0.05000235031401532,1.5869467398259007,-2.1898207221164547,4.259149014745024,-1.8155006924069217,0
0.9697787048832351,-0.4541360965098524,2.0186415135359757,0.4033278143978031,-0.11700007475937202,0.587317132104219,0
0.9166701258646982,-1.703579298110359,-0.5302248235269628,0.47901869575715555,-1.069998693418583,1.1785601187066073,1
-0.6114814426160258,-0.5134532572827217,-0.2868645741247552,0.7081205266343983,-0.12992418812309325,-2.3722685459316373,1
-1.3826436048029198,-1.6435472329250023,1.1415077444766988,-0.6215857006672828,-2.759603121112577,0.7275071110213509,0
0.8281135135068743,-1.9277507751276561,-0.3965999404331254,0.4264544757818494,-1.2925791849077208,1.493190197367128,1
0.4497208510986688,1.1767933776091923,-3.3531719975579546,0.6132148990681907,-0.4478255047720128,-1.3306616866400462,1
0.0985588770888961,-0.5147776016895517,1.2825792845458586,0.15911539687707832,2.5770577923877642,-1.3803335564103456,0
-1.9475455379435669,-1.7250379329129042,-0.17335309774682783,-2.25385280942281,-1.0978304571060693,2.736497135593026,0
-0.6798806203389244,-2.3830730430417497,-2.1748757328383346,1.3681197344420688,1.2075897918226008,-0.026236726162342405,1
0.1518324515496274,-0.947235670317014,2.2042710907890477,0.2844159236914893,1.5107792656378527,-2.6014192617677994,0
0.13861318969376873,2.34960063237302,-3.359122592066726,0.137645780487017,-0.20219793852415113,-1.6967309245089202,1
-0.39220365037105853,-1.2522364364702836,1.1669983822297982,0.259722974466791,-2.1968534676583324,0.24986898430614013,0
0.8178033587423764,-0.677482357414633,0.9663574204713893,-1.5598766982828949,2.769247220624386,-0.8750108596944672,0
0.19874930738414315,-0.9356537220965025,1.1568142257922553,-0.1715314982081469,-1.8304765965595298,-0.2731923395818199,0
-0.4299013950888255,-1.9317707341143433,1.2365437664266128,1.133309050766737,-2.314469881343776,2.1981642671759167,0
0.6030086566859838,-1.2154454306572013,-0.269098552082642,-0.9640149309947356,0.4508675609806523,-0.5585671804742718,1
0.11484805615258879,-1.7122466949123667,-0.4563980845659996,-0.2761240601931032,-1.9031998907304937,1.6219780091702107,0
-0.2520074359583684,-1.9518716263942626,-2.046574283390357,-1.3038133914942025,1.905533366075813,-1.010603299291455,1
-0.1541464209862342,-1.391026587230931,0.8116005205341964,-1.9772036869282934,-0.8845431827742336,2.222495733468688,0
-0.7123496546456101,-0.2249625837622811,0.9532839971585141,1.939474008326149,0.890217250501709,0.8581076218275507,0
0.2721199911035629,-0.7469285432328537,-0.7806679003377164,-6.249042438333906e-05,0.43584195884346955,-0.2706100645159686,1
-0.06358450894054939,0.012026794882479798,0.7323035420733774,-0.19776731686143115,-1.017492366528807,1.5281747486985,1
0.0965479762844286,-2.0126440781389356,1.1176433581846033,-0.07498311486797206,-2.8537891519568177,1.7528579886236448,0
-0.5438474141962912,-0.22570012189549107,0.7543606777331415,0.8154813532719611,0.6060205350207157,0.45904130414093713,0
-2.3416815103002886,-2.333198293935389,1.7120965997092017,-0.604086193381673,-3.5586128900028595,2.00464171741578,0
-0.034835132108036154,-2.071055766076985,-1.8421617246515134,1.043720693118631,0.7226215471733884,-1.1841685499115393,1
0.4835817495595002,-1.6834852962553004,1.9852589649718886,0.8323648708086558,1.824598418450507,-2.413213942602618,0
-0.7672478625912618,-1.0199968228764715,1.9962043010320674,0.28783753438386933,-3.3156081402507125,-1.6292666401518567,0
1.8707419022107388,-0.8104176132741793,0.9271090265218858,1.049462451565742,0.149363306945002,-0.7667989695110308,0
0.00933872480476524,-0.9043779286878536,-3.3643940598280047,0.8671157530186043,-0.905343075637071,0.008153431564506874,1
-1.2029640018706014,-1.732912952304036,1.2768677984462822,-0.338555133682553,2.17765033611912,-1.4754893569783318,0
-0.20534203219221006,-1.2594232142913844,-0.9761309618053263,0.6343320754049243,0.9779677611083121,-1.1773511566437123,1
-2.163664485272091,-1.3528647992429133,1.6684693465832974,0.20848298907457902,2.262570917153784,-1.9967251994910828,0
-1.299789964194881,-1.7478283556044663,1.6052071422825163,0.3197447157347053,3.218455997484892,-2.2295911468793834,0
1.2916571997090076,-1.0554655670104147,2.7428657628500392,-0.9514864952374997,-1.677820051448432,0.6578283372763172,0
-0.7667619987431543,2.1409806230670063,-3.914407104100407,2.3417652284707824,-0.8233961166616257,-1.027340939556412,1
-0.19781498012727947,-1.3618614999119265,3.2661230412303763,-0.8710866705725993,-5.036590963903482,-2.4351569507474777,0
-0.21382279006158836,-0.22163288576110154,-0.6327239397347714,0.027277491018452883,1.7563700547300258,-2.9281904859747963,1
-0.18919393480369234,-0.37657870813948446,-2.9308912544571952,0.07607348612221378,-1.7071275074516352,1.0423667912408907,1
-0.5908557298580396,0.357311420780135,0.5924768972177392,-0.19123533635990428,-1.2399418719502528,0.15154327838996107,0
-2.425479798947732,-2.2818803987307112,-3.052842101962706,-0.1702322723054453,2.5440046001067955,-0.8095884139703651,1
-1.446481579107917,0.0025236657522017328,1.4711302317542978,0.5183651650332324,2.006689519513288,-1.5328545141009404,0
0.8228885518905443,-1.7040536679776332,0.9439750606061037,0.6190614471808095,-0.9197186411293485,1.579619637889403,1
-1.2278348093810252,-0.9861027985799758,1.6774106558031256,-0.38537214371132583,-1.3923403280440096,0.5389437404169208,0
-1.8020308455742906,-0.23153174415809732,1.0044084363777868,-1.3765324555192715,1.0628728317642002,-0.7058895811554318,0
0.25264477205126856,-1.9346048523034634,0.08373654377538942,-0.5139393256791759,-0.21617952266313312,0.06227572848384422,1
-0.17203976610040683,-2.35414101784934,2.2984348434680357,0.042600405992948426,2.9617556198012975,-3.0153682746858306,0
-0.8597060030373789,-0.8064934431458396,-0.08313797446637583,-0.22051502893804112,0.8051990741641999,-2.197548425485691,1
-1.5084544817318148,0.29701805417298177,-0.4706265554090474,0.1287360498361053,2.2084334625406896,-2.6042384027867365,1
-1.8550257009215876,-0.2722387164299207,-0.38188353465576674,0.009965244316041256,1.3139866798270834,1.2304338845194507,0
-0.8376516754405599,-1.8192424696773886,2.602494408568683,-1.4382321337116588,-2.8692674611847773,1.48324390897198,0
0.6565748126720269,-2.0937051210972117,-1.0216174252217658,-1.0405496964458414,-0.5667975992984672,0.2596900468083323,1
1.2462405405516845,-1.0215407484269634,-0.8105250622089679,0.8717809946751458,0.5593659880792282,-0.6681690607122859,1
0.9079083881715869,-1.6021359281508973,-1.5207405704818522,-2.40376009295481,0.9827839557533398,-0.28540221048788394,1
0.9359836090336101,0.20607368695458436,1.0741619519192338,0.9321747311041098,2.3499803585831973,-0.890620328227121,0
0.6307285046448724,-0.9727222790921669,-0.4544331924225211,-0.3603255520417552,-0.59688547124366,0.9930950094927611,0
-0.3874303232379711,-2.5792024673467604,-0.7599554151103547,0.40586517516263304,1.5453676021855345,0.9906723847612158,0
-0.18257256915467915,-1.213408979527083,-0.8683770209090949,-0.6839984695993688,-0.10745020684720363,-0.4890605194120774,1
0.5690320494243765,-0.17785063463824793,0.6925132650956609,-0.6257522508331281,-0.840690291178888,-0.0952844394715433,0
-0.8934553048675459,-0.4492198961230177,1.6066792663460974,-0.3661518431150294,1.3032425181573757,2.2419077564954,0
1.089291781482303,-2.5067970321856374,1.7691709880088897,1.880347151296789,-4.418709434307817,1.4984451660268103,0
0.32562858455893007,-0.5615089434290469,-1.6832590493418507,0.8576497725617868,-0.8157549622953215,0.6174100249413645,1
-0.28477169140750613,-1.4385393369717214,-1.5395187016484622,1.8193115922828118,0.6621946487401155,-0.957581641783577,1
1.2154223296393787,-3.0743774959888968,3.232362172969071,0.6691251810590861,-1.2572002146303662,3.004173028689978,1
0.07243357476768889,-2.2946270566931166,-2.1559469078718316,-0.49979946248327495,-0.6850997162574541,0.45149544337716985,1
-1.3083976125004562,-2.526075823119301,1.724348393791522,-0.04870748262222151,-3.665173535637809,2.4775269123332286,0
-0.4951125344479329,-2.1460671671637246,1.8081155472376174,0.1830008189484044,1.0841646904887505,-2.232983274105132,0
-1.2269738545726585,-2.9658191474641193,1.4948761828343704,-0.16805951242394854,2.261953048587281,-2.013463147577862,0
0.9446794917684437,-2.1035798046521355,-1.4294781283936164,-1.2920187793530866,0.002961000945523873,-0.8434785275923884,1
-0.056733057445691945,-1.4924480287597428,-0.6451100281234019,0.6230235228340515,-0.8970689149080037,2.1596537129737987,0
-1.224768960731406,-1.6237597892222015,-1.825959785540824,-0.12753510542807697,0.28949240776619833,-0.6463224561700405,1
0.308737667628334,-2.525559649417095,0.7304803374184653,-1.1978423676227243,1.9893955356579254,-0.9575683265593873,0
2.381806360803266,-1.9524288804686822,-1.4471512067890553,0.03463904208072208,-1.3818581469716613,1.9225859432612835,1
0.8864521249764161,-2.572827386934104,-3.55426347253688,-0.10076536785481612,2.534063007524635,-2.6601961961150007,1
0.5009040532042452,-0.828578389341151,0.8162430294255727,-1.0034231035873842,-1.3651551632110936,1.4766949537730647,1
-0.27975334219523673,-0.062138613626242865,0.7364073906931684,-0.2844535751342119,-0.1323121150166957,-0.20792043699851603,0
0.8762593383153673,-0.815110436307435,0.9639184699545156,-0.8784765225705283,0.6420635614016654,2.361412392282351,0
2.357987492565252,0.0879396815582357,0.7831781091065153,0.6742886174222621,1.610215914819261,0.7820833608697606,0
-1.1434554949563698,-1.221250052393309,2.5805462435373405,-1.017842422241527,1.3907176624032485,-3.02372088460014,0
-0.032276924835654655,-1.6493482910373296,0.7971439986980486,0.014693902892990215,-1.615032817661643,2.0896259832058113,0
0.20919192234977965,0.32981269813514424,0.5532786799673397,-0.24432939677408688,0.0036969551195964456,0.13702926423064743,1
0.3432414927269348,-0.9731035509181655,1.0952002100838432,-1.4828786673569445,0.49543128650918944,2.7106279860962155,0
0.5118797141425093,-0.47733893844964714,0.8500181378828422,1.077000500880426,-1.0026493992674612,-0.36098072889814614,0
0.6603509226539915,-1.4036426364014747,-0.7041465313045363,0.772738952266639,-0.5456604642924718,2.3236572254476835,0
0.7954657584389505,-0.8729228042429001,0.1833541952964055,0.931994806073765,-0.8051195649302716,-1.5264049171433918,1
-0.00864769008253273,-2.026553764593911,-1.2799260354439357,-0.7087486326920354,0.7750485536968905,-1.9666634723135163,1
-2.267458744015956,0.03892386397542178,-0.12684138991087224,-0.20554437098775474,0.692904921160805,1.0716061874038987,1
0.6760153648861752,-0.5865709491929086,2.1872709525079324,-0.38895482167078793,1.9058409863980448,-2.4202885403610273,0
0.3316784388004792,-1.9181760696937156,-1.753637726185652,1.018197865776128,2.180916877847938,0.3012350094889127,1
-1.0450937633320858,-0.9621082563496417,2.634217916999113,1.1702755244490275,-1.523505916832655,0.5370576886150972,0
0.8165880360278693,0.2924588147388808,4.102319816014532,-2.052087220582749,0.23993067429076942,-0.7697214186993466,0
1.8115310146579355,-0.5503378893684211,0.6520654730343567,0.7838914759096194,0.2553669793649107,-0.2293059270612875,0
-0.1846542528062922,0.2854536699772404,-1.273743118092814,1.2650809148664028,-0.8901342622852396,0.7899028043806409,1
0.27018718846144435,-1.5674974609702792,1.3884350349411383,-0.6010633226078685,2.007860179989826,-1.6711889587062985,0
0.4818211344542661,-1.1259210019185724,0.37187675961577304,2.1894779215450293,-0.6514455543857304,1.5742129898956738,0
-0.32922113641985273,-0.7273222359039179,0.658156605002981,-2.1679988598167133,-0.7234996363285836,0.3292390207608725,0
0.18373785174167048,0.5117322795779992,0.9755947039141992,-2.257215051691283,0.8111160442110315,-0.4965353502039853,0
0.6569204011759348,-1.7480542131534058,0.8576950370045444,-0.20061732206280752,0.177321267475966,-0.7120905447774171,0
-0.49342881558781093,-1.1342473899559529,0.2810416766425752,0.018776063938751746,-1.3292514884227828,1.8094657291136502,1
0.588074961027277,0.010426620422771739,0.25752809557818,0.2057548261429964,0.20101836784976956,-1.4289042874698024,1
-0.2814263768323575,1.0304790459565405,-1.4524451363740463,-1.0007406815284863,-0.8162988815881732,0.3479145839955551,1
0.4416839388108619,-1.1795432337364795,-2.062604508032012,-0.014805168596270015,1.8890117093347922,-1.1388834430840484,1
-0.7620910509444148,-0.6593387756225674,1.4427826827883188,-0.340672552265379,0.08234056820433744,-1.2575153594397088,0
1.239018552743712,-2.015117953586092,-2.0814454872434967,0.17611124871633282,0.9351935718258483,-0.26165185483427644,1
-0.9543717748125625,1.0726458957129497,1.0902588499069727,-0.3469437701576712,0.2736464280496341,-1.690843122043793,1
0.5555189762333861,-0.9141289777575694,0.6779069605925059,-0.871733975424038,2.704050543806024,-0.8122590079208487,0
-0.43688650795433726,-1.2249492503915906,1.361337224910813,-1.376306925263025,-0.6563724549564247,2.1123894575210773,0
-0.855048871045598,-1.5248732226151867,-2.3545437333764667,0.09482567828141139,2.016505693423589,0.30434404889383004,1
-0.12350266163773857,-0.2929134017890044,0.5087020526940212,-0.7081484258812776,0.6927713713121708,-0.009402091041585736,0
0.290694515280414,-1.071636302406685,1.5323850146180662,0.5176791563301878,-2.1418043110969647,-0.13435345361009032,0
-0.7022012903173077,-1.782995554739005,0.03137376033664929,-1.2283869381503887,-0.8651586101712256,3.242743970627075,0
0.3643522689480758,-1.3183420665553576,-0.02827566563104633,0.1927813663689249,-1.9877055310367062,1.282220560035812,1
-0.9036634890677678,-0.9370347262355109,0.9103338700732866,0.332721803091461,-1.4778149743068503,-0.5596236637338688,0
-0.28018236604237656,0.3982684526990744,-0.6299327472156131,1.8341586386649436,2.031048087761909,-0.007412603012759256,0
-0.20594619583135895,-1.2486970674711177,-0.7354389596438667,-0.638217277181669,-1.0159761889119423,1.5982374367890007,1
-0.24534811987556324,-0.24307072578594605,-3.164139581537305,-0.1678680590276592,-0.9614085927133222,-0.20103653429193602,1
-1.6728474423469104,-1.813022163057642,0.24973262697040355,2.471734950632287,-2.8062652260029455,0.9908801470579478,0
0.43563836819452106,-1.113637518017962,1.5294400426746553,-0.11741328067619067,3.6761980796741955,-2.08000050459616,0
0.18411043145707998,-1.0583548322895022,-1.3400116412334706,1.5864039046732896,2.539130252115012,-3.0049736638400786,1
-0.5638091495961683,-2.074741263731716,-1.2856877188798053,0.2050323664294523,0.4639324372453413,-0.43365000908515283,1
-1.154290987189321,-1.5053622601652124,-1.714914083790392,0.8293952147107033,2.8554670928605628,-1.4990681987276453,1
0.7023218343360697,0.49592278005167933,0.48672577457774024,-0.5367806935138404,1.609901770339472,-3.7517200652940472,1
-0.14917054509359576,-0.9325661091028135,0.46218697419644417,0.43566303656502947,0.8080422635878604,-0.09254963517469239,0
-3.487883645224274,0.10494324902496319,0.17487017600734123,-0.9510306669053638,1.0374084156000094,-2.0669652616596323,1
0.4890422516891444,-1.1985399691544194,1.8698745175691631,-1.7789737380999084,1.1224557236601598,-2.1496691640653056,0
-0.5058524200492158,-2.2937679142895524,0.8424939947945924,-0.4300151053878869,-3.938706624227462,1.2077357769817965,0
1.0314466577780645,-2.4224103715858383,-2.1667160949503455,-0.9019797954772885,0.6972527989130887,-0.6261030494211075,1
0.25449973208249654,-0.9124457653794285,2.090378305207461,0.054959414271243325,-1.322469952417312,0.5056021767900305,0
1.2306828190133448,0.25275746590133374,-0.16664286486109037,-1.1482945675537466,1.140986236610439,-2.9568527343378763,1
1.9125963270497717,-1.4314568822323472,1.1049312993973872,-1.3113164827865367,0.8195017773849058,-1.14618724726205,0
-1.3617992092462103,-1.4048240143431165,2.6121840998929127,0.3324752641187955,-1.9778256972638206,1.3378320569814655,0
1.5579220246103933,-0.38874319202277174,-1.5970960682192994,0.38327652894151826,1.699443840259447,-0.8599234153690141,1
-0.4408156479131431,-0.6268759682340138,1.4687876832038074,-1.6760865832175458,-0.36298656366144544,0.6660902599837774,0
-1.096087929613747,-3.1889549613692387,-3.6027014094045673,-0.0793651481283331,3.2377139489930182,-1.9747439288218664,1
-1.6966904676772834,-1.2017522892977048,2.0666033279403377,-0.16063897268653488,0.868612542227208,-2.4607189785070362,0
1.004502427399501,-1.636705346527599,-1.7988620660773849,-0.40744704289998535,0.7690101419849193,-1.8973397890246992,0
-1.2333328932524772,-2.664676898250331,-2.9912092042649387,2.4403575002273223,3.0965442259013676,-0.9966244727675071,1
1.5420636345672196,-1.5071971488680984,1.1320695680486286,-1.8698750671801947,-3.343788031727504,-0.39494049902089734,0
-0.14264279077918188,-0.8604642403386452,0.843984064440395,1.2804980513696496,-0.47796900071609105,1.109630404315037,0
-1.599680356110929,0.529783975284993,1.2192739766172251,-1.205288054324771,0.3608871517303479,-0.9223195278731615,0
-0.8804272783626425,-0.8664871628622007,1.2322348973470136,-1.3290432510744192,-0.8925142398926584,-0.9652690992891817,0
-1.4585614213221532,0.22345642422204634,1.409284616319892,-0.5187120310571577,2.3320497330054297,1.3952310290941616,0
0.9837941963573874,-0.5027095196526807,-2.0211266486241364,1.0436070331509641,-1.2523452097094305,1.1536239114768994,1
1.0477385628305143,0.8307648529498467,-0.07817312680644806,-0.08098571866663562,-1.0300846276350135,1.5722821735811565,1
0.24540221850232102,-3.515360537366145,-1.1818437956932302,-0.8907943214687953,-1.511597811222591,1.4997192254809157,1
-0.24225303236354676,-1.203052464057516,1.5962637039530285,-0.7815589098496758,-1.4034443108767767,1.1935883122338307,0
1.1147040880256123,-1.6864583568507285,-2.1326017046594234,2.346183860361411,1.8531118953092878,-1.1747795069476923,1
-0.6941307354381568,-4.033593400451793,-0.029916955612776297,-1.669201538962844,-0.9487462893283801,1.8312339383272316,1
-0.7966099308034672,-2.4213868987380254,0.9917937760302131,-0.01909551088751773,1.5170459975978277,-1.146723286423409,0
0.8569737593215349,-0.7419139246325644,0.3887368710292982,0.5233939722074806,-0.2305683367801592,-1.102836804235705,1
-0.5713648807618048,-0.5182965014953189,-1.3933987354058726,-0.559309282855712,-0.9227005924605732,0.6840301912563658,1
1.1753546357105595,-2.3820375265998344,0.22989963202734054,0.7725381514848716,-1.6776771484083381,3.057517956388483,1
0.7032590516437969,-2.3863302135016915,1.8929232210251499,-0.047492921087781706,2.410941907797236,-2.5266340328892336,0
0.6531428021156352,-3.3859777727501115,-0.4732205169384698,-0.25252487176118676,-0.8367534056782053,0.9144903942614703,1
-0.35685398279403036,-2.842273645927158,-0.5796403248171491,0.8842351477084556,-0.6741336622647376,1.1498411607263437,1
0.19692086144833698,-1.1734841481102394,0.2992129657077225,1.0957448252257935,-2.002570897642102,2.663691882014221,1
0.25457087603713724,-1.2474926179633727,-1.1573730986185502,0.34856229343819956,1.1688824318007143,-1.7241614563941279,1
1.6053245575572335,-0.20048981313325145,0.2252437634768808,-0.7757601886965364,-1.4104018619943957,0.5435337358601116,0
1.8346251126835311,-0.9792008407576372,1.0589322479497243,0.19131705562885085,-1.5356586849126894,0.1901172628704264,0
0.4136614081361707,-1.455516098148984,0.02186285783254638,1.3134229819576606,-1.2321129212413535,1.8640251807946688,1
-1.0771022306799132,-0.3626029079562766,0.40996233259985226,0.10559193381331876,-0.6515250813317723,-0.7100495553561776,1
-1.3332136605493305,-2.2246670549847827,-2.4352460994991687,0.6628722682353033,1.4470605667858236,0.012035213514629994,1
1.2345167193732918,-1.6050274286137651,0.5993916015555659,1.9211088067250814,-1.444120490014873,-0.19776883793636835,0
-0.7153044048773444,-1.1883778075128393,-0.9916771327100726,0.08763566910374863,-0.2736718100222133,-0.21147855921378444,1
-0.646964775443047,-0.380158705256902,1.4693426617899517,-3.186102436110476,0.22891433395240268,0.6618078636279016,0
0.8746616041882175,0.42424600605885365,0.7728784076397823,0.6253427451835425,-2.1041355642306483,-0.03160150081531565,0
-0.20970349987440226,-1.8731419060777783,-1.008622181436729,-1.401833684321861,-1.0258435158853838,0.9853297191382502,1
1.547018141006179,-1.005316083832171,2.065758528505822,-0.0973123573071585,-1.5179792944642114,0.5325062803310014,0
1.3213712179494874,-0.6475777420409048,2.173063553596916,-0.7803558566236821,1.1717991064229707,-2.6871484147750024,0
-1.5027913243266606,-1.3205395621958795,-2.1332663288590292,-0.47572825387094686,2.3435950206057137,-0.9552178910012544,1
-1.4957435739878682,-0.3503020788146083,1.8745716919044584,1.1666548497817737,0.19275058681779456,0.6102569571966201,0
2.054919374376265,-0.587325322713139,1.5087647566111144,-0.24785344642715054,2.258594804668336,-1.7078904597029216,0
-0.6209205063512638,-1.834630699702592,-0.21520407239309014,2.5449415708057503,-1.1812703343996076,2.9554848364485578,0
-1.67917841914236,-1.0142762817052673,-0.533197539745296,-0.1514055041608835,-1.4238637365233677,1.8285306744246457,1
2.411045252727726,-0.4121118426522157,-1.0340299699055433,-1.243583393411147,2.129780408077515,-2.549726996120667,1
0.4794644430624956,-1.0371075927992524,0.5610138865468284,1.119919288790325,0.06368110393694915,-0.2515393951037551,0
-1.3661439768565502,0.47094302525003096,-2.168651189569228,0.5631948362642126,-1.4199490010266653,1.525843981066491,1
-0.3322971571595742,-1.9874212506622357,-0.9229468627900013,0.7093111169093987,-0.7853298235005632,1.2946448620149544,1
-2.0547870407777347,-1.4729874176126094,0.07472780300002024,-1.1311440198012939,-0.7365758458381064,0.2930228625465612,0
-0.9832966635096945,-1.2060677941722473,0.7057627495976025,0.28432654853232553,1.6136135670833747,-0.549864219890649,0
-0.23321960124861754,1.0851434645189966,-1.5701849869250908,-0.963418335502404,-1.3665092687417228,1.080039756500735,1
-0.3697688378636116,-0.105418926832379,0.2452878502197524,0.28334921009849995,-0.17860897811275622,-0.6582165012993597,1
0.8128407832959462,-2.4646807451107042,1.6425527139717329,-0.14823482200275637,0.61514712271423,-2.012799746583089,0
-1.2189634716238595,-0.07979953724295155,1.0290754976676488,-0.03135921483434486,1.0986124338276717,0.7048144793020588,0
0.01962833817589493,-0.7922959927247947,-0.1512966382492259,1.0843370074608554,-1.6011082464168287,1.9895844273345489,1
1.291230429357139,0.25034763019660067,1.3403348022679675,0.5905071594060736,-1.172802501931101,-0.8680348713968011,1
-0.07827654204552842,-2.6702971857976134,-2.21099246961035,-0.39632574791360387,0.6929862602979513,-0.7357831686567932,1
-1.014756071269078,-0.865725070304567,0.8408321775126781,-0.11469554489275897,1.982098945519826,-0.7080532788463378,0
0.38451610881846565,-1.0074118654300641,-1.6617306673548917,-0.7276938000517554,-0.7341452702054473,0.40794535797970566,1
-0.5602965299194586,-0.14942467905471082,2.3904859152074076,1.0822593859298784,0.26593297053454257,0.20725133741129553,0
-1.037669058760921,-0.38100268881284294,-1.4947665003750044,0.11974616388164633,-0.8231531821979543,0.6520915778491291,1
1.397330553201903,-1.5652291450159643,-1.0531137899466607,0.19887907068542765,0.35415865587309847,3.827011933499795,0
1.9364316358825584,-0.004924794906997619,-2.981817960293832,-0.5954454521561812,-1.8411109904832372,1.4825258354122022,1
-0.8608125705257009,0.4122708456282119,-0.1276450566883638,-0.5776353695375465,1.8333899732078907,-0.19872930289827018,0
0.251050663851688,-1.9315945718069183,-2.8443622825425394,-1.3220828736380255,2.633653608219501,-0.6155772468069809,1
-1.322723513273083,-0.5659088880212173,2.623141177028738,-0.47175981376923937,2.3890001124417006,-3.21029933097757,0
0.043398124460907704,0.014809309639999137,3.0883554651730307,-0.5860554252869362,-0.8622411944460447,-1.5209637030871686,0
0.3223200783801069,-1.8638872099068204,1.0058317651414976,0.18082705877722802,-1.679379987160637,2.7269059818553463,0
0.3995931044149491,-2.5646650693828623,-0.12410699659712732,-2.3807233566349804,-0.09606431020722384,0.33634282622668443,1
-1.2012992705257495,-4.0225167178543355,-1.594002145351778,0.5350917130164661,-0.6990218470137088,0.4232629814751323,1
-0.9589297410696657,-2.811734716832133,1.352282272368367,1.2067681545109579,4.185321114707704,-2.2008290712434784,0
1.1528320413109276,-1.3379344805419633,-0.39559162051775965,1.8540920040529523,-1.2015905720877984,1.3646698017877505,0
-0.28104529278891566,-1.2570991218632532,-0.5837200460199876,0.28139623218345633,0.31583794218946126,2.933698001239131,0
0.13753940897311273,-0.8039709967390661,-1.3753967205926947,0.3345873143274756,-1.5181137545330423,1.8346321570534037,1
-1.3742437163540355,-0.41947456556383245,-0.28499237279213885,-0.6826148162491859,-0.5827836746405745,0.6561789815461563,1
-0.25579450420658034,-0.5822446602790037,-0.13710526045534666,-1.6948645356875176,0.32657658754373686,-0.27288962712984677,1
-0.6967568645414739,-1.4079536403294437,1.1376153035431653,-0.9230954884114912,2.508704641558486,-1.3157059269121556,0
-1.0963741980936748,0.4612041035363804,-0.6552778851818133,-0.33179323417142986,-1.315793674221795,1.3531266217319764,1
0.6299236497048158,0.10088479968982775,-1.9843830650848846,0.9927427861873327,-0.4962542188864736,0.030858504458984637,1
2.5716649675296006,-1.4391035062552089,-0.5269277079906065,0.16904871604109298,-0.643452330056728,0.6265704818207517,1
-0.2767819528871043,-2.6430779774615565,-1.0532753145730571,0.5058989182564609,-1.4592235564993594,1.8060476287286957,1
0.5208137403707112,0.1343163566966906,-3.6189991497465988,0.4072222949636856,-1.2461156382316538,-0.29705528015301463,1
-0.7418513121716485,0.5350182764769643,-3.167774009767182,-1.1927020914713107,-2.0413443307183314,1.4972625326106286,1
2.344893282531393,-0.8409946977451993,1.9029826760049837,0.19882778513038635,0.34135653175029734,-1.9821630563566832,0
-0.43903981425919436,-2.8625432821581867,-3.3823744725870832,-0.02997624848097492,2.429217458140349,-1.2124674693555308,1
0.25654000200928784,-0.9287273918472024,0.722967265071105,-0.5538526415819129,0.1831563778578016,2.087023092221247,0
1.8843931821922324,1.687500626539307,-2.228543825480274,1.948183261984219,-1.715730134046431,1.4277815236479545,1
-1.0228558838925954,0.08057701590721064,-2.370156776617169,0.29088078423031083,-1.743157286133481,1.665351397057978,1
-0.7794604772282538,-0.9426871855769875,1.7134229740238736,-2.028673965289938,-1.9541122512547824,-0.266988611451626,0
-1.9745783272328215,-2.2163255059776055,-3.1420872348941185,-0.8018820960009452,2.382541348775611,-0.6689044299021423,1
-1.2434191451303653,-1.0498891801872692,-1.4755676287097828,-0.9891172499457448,2.2012748483861646,-2.1234400195980463,1
0.13901160023608683,-1.5043024081936363,-1.0000179349209681,1.2065412456453966,-0.13509955328018397,-0.20946174359454006,1
-2.7149755730114244,-1.5457461181008305,0.02384055159152898,1.514365693381398,1.777432887211317,0.3074868078001707,0
-0.6249809277661805,-2.317847828666364,1.582202115400707,-0.5543439307615831,-1.8971373956253745,3.986970073742648,0
1.0725577422232262,-1.6717861266988816,2.0411620745176107,0.7376431127642316,-2.884736048045483,0.9005080170439389,0
1.1082857836224569,-1.542670586412024,-0.9080513642380551,-0.6964916898836099,1.0183784260406956,-3.2558290582253346,1
0.7821775681167689,-0.02005663604271892,2.2439757708406436,-0.47335507827127915,-0.3471732674184447,-2.4193382414152307,0
-1.0297241651872497,-2.1798465716386075,-2.807906629079412,-0.6301895013711264,1.910254499813397,-0.5922573007391864,1
-0.1279688543071007,-1.7837763718813857,-1.9451595336764749,-0.9152149088583803,-0.8239860816944802,0.8018306870248061,1
1.8973204560907504,-0.8312990689689392,-0.392142826538048,0.05850499635767618,-1.594986355388076,2.2186391509861956,1
-0.812736160085535,0.330338269553932,-0.12154340314954237,-0.23073908600981616,-0.6474809593595818,-0.5241093674962252,1
0.15236462436440018,-1.7514568312799583,-1.2999142364415426,0.9674950897991073,-0.45734664791062407,-0.3323930261320065,1
0.9298353321432887,0.09074433878409968,-2.8142922251118243,-0.8889511764309163,-0.9430908039474861,0.12360513223903413,1
-0.7383708096107501,-0.9585286382757818,0.7255162854375282,-0.24504400544712449,-1.3929334212284337,0.21899101155444411,0
1.2173529214448369,-1.4233768473663981,2.0339811311551412,0.3018234983896148,-3.0949025641574055,-0.14372295703290106,0
0.3670082276400104,-1.621183510861341,1.825084052317389,-0.20658266290672284,-2.5271870921582194,1.1360482195032062,0
-0.5766802953452755,-1.6097381816739647,-2.2868068898300224,-1.2621579854674811,2.6888980591823755,-0.9477325488478703,1
-0.03870505431192385,-0.839801246677753,0.23882172052942718,0.08911029760994855,-1.2684627651604834,2.392844808596017,1
-0.6793080354508457,-1.5827775046486314,1.370043966206634,0.09702304613219384,3.034778033868088,-1.761306279683867,0
0.7349154001922535,-0.08113147983400762,-1.7961479096807096,0.3975484488204576,-0.8435221324252393,0.056629850373202784,1
0.0736052155376932,-1.2689339751087785,0.24924309724686444,0.418762657052782,-0.691888333311196,1.936382749987696,0
-0.5532724366449719,-1.73296322358311,-0.8948280591427309,-0.5363642477083975,-1.4690191418401854,1.9079768085834372,1
0.10171498396138132,-2.054145504903988,-1.1787333058939033,0.7172776098279765,1.1510443318008183,-2.393495102007588,1
-0.17037940422125614,-0.6191109165250359,0.8096522074931998,-0.16765836009042923,3.2639224676306675,-0.7594582306489105,0
0.40984624121323543,-0.7716520687577075,-0.7506448739665983,-0.29582849519338167,2.3307172548664035,-1.035415013242977,1
0.8752285633687891,-2.104208488475985,-1.7263558168787014,1.6692871257041262,-1.4812324558462129,3.043704089753091,0
0.6401761627906148,-0.875483699846269,-3.4685970978689062,0.7346497345233864,-1.3410717768928588,0.11980678345647,1
-0.11361529892123212,0.14575085549662212,0.8971262244014943,0.6010525242423223,-0.46436026058386126,-0.3919609441798584,0
-0.6261226751100911,0.6567363729956212,1.040599978877978,-1.7130548022092646,-1.0802829701949204,-0.4488001342749628,0
-1.1682629768138801,0.07664916549203879,0.1826653656908359,0.27707812193488873,-0.0507002260167404,-0.18332576475904072,1
1.042487872408865,-2.2569241206994586,0.9706117276863664,1.6874284917029911,-3.8442840715335906,1.2446439672727372,0
-0.7096837943456688,0.494686981408588,-0.25693700499645644,0.7142436219485242,2.8179832465772794,-3.186234963931983,1
-1.0883751906489438,-0.4366558787555964,1.9548445691610254,0.7986742905513504,-2.1470637058016955,3.732952305093513,1
1.2861545528936666,0.4960430556213634,-2.484954917832073,-0.5439201841610893,-2.0449697607312984,1.4951470721317262,1
-0.5851263773845116,-1.150626228225111,0.08474573460728774,2.4292683329685207,-1.1624930166895777,2.001239024885884,1
-0.14833306465601415,-2.9884582766423495,-2.5431938037950585,0.18752442058419289,-2.055341210912969,1.6525908611829887,1
-0.7765251484054039,1.0547681641811528,-2.3464309269733734,-0.5346571308281041,-0.6896680345317372,0.6346947216281252,1
0.2895493426425926,1.3612338277701492,2.4309743151458276,-0.722120712050797,-1.5572595556389244,-1.5494486799083393,1
-0.3551351908328736,-1.1452051804194034,0.04068945006493685,-0.7736850710939456,-0.8279480485003773,1.3332823902024513,0
-0.6138930513588676,0.0016900359158774428,1.5031151778653578,-0.5941474170405981,1.3602491956445841,-1.4342846617784035,0
0.17383998606464235,-3.1208473158458854,-3.6843273784309467,0.3927369280505993,2.8125042238320384,-2.217161379376217,1
-1.549352988722333,-0.07594986813312068,1.5205580210605842,-0.34892623144256046,-0.6997171651566169,1.9029621568299535,1
1.0841515752017057,-3.459959362796672,-2.7995177825283495,-0.25885669500366176,1.0689945366350369,0.8218140800029519,1
-0.7890404699341643,-1.6488156710031876,-0.9856397898640075,1.1625603827130444,0.4434119781391529,-1.2327642413862305,1
0.021201342789778112,3.184419036690774,-2.41265430941736,0.1426215091102284,-1.386345848631268,0.9585037561477918,1
-1.3125107438416599,-1.3706663762214917,-2.4627895487166205,-0.3331356938216803,-0.8354085640970899,0.3818588120072166,1
0.9479215700212259,1.8331121017769294,1.8428591375377348,-1.407532140209726,-0.22145858495417037,-1.0904101742075418,1
1.1906069894740852,-0.5596166690627078,-0.9379881754923557,0.19718250148575517,0.4835723319648342,-1.211598817999972,1
-2.4473776239624176,-1.8208692171125778,-1.3027002960599718,-0.61495618846541,-1.2086160153587553,-2.0952527977697115,1
-0.7673395552186845,-1.0223933346629936,-0.011805379593058607,0.3397062224716621,-0.5516692785288372,1.2919584717800492,0
-1.062678706233099,-1.3602919022351918,2.476885699365667,-0.5831447578320978,-3.3713097721060157,-0.5668594181685236,0
1.0856780388101308,2.344187508632555,1.8409100475576716,1.0383476030024346,-1.2230814204314302,-1.5713482431006034,1
1.814845034650194,-1.1586538118568532,1.0442849713661526,-0.9981579414609748,-0.18788882278662755,2.4255974812571335,0
0.13629335056358333,-3.1021802883804726,-3.039461273433729,-3.2044559339241445,2.384155421832414,-0.2350765501184836,1
0.9996426839513232,-1.0789851903401353,-2.4002199923957694,0.8692719108203415,2.5862117064643924,0.5706102765569747,1
-0.21193229130855387,-2.299149113307749,1.0779013406663855,-0.6473997112695568,-0.29313559397546696,0.8774005143213295,1
-0.7380787447155315,-3.733979491558778,1.2750798993153327,-0.3243433345229972,-1.4206040850559338,2.9705905885824393,1
0.09115555182376883,-0.29991176793846286,0.41273363754461356,-0.8386021697936097,1.7978106091973731,2.098726796728492,0
0.8070322060202547,-0.8993625560840803,-0.13136415795599876,0.6686974210130338,-1.3311275389074158,2.5997584557713305,1
-0.004954970954075336,-2.162372752213669,-2.439922375522378,0.65556367979077,1.9985697126980249,-2.7274566801354583,1
-0.00039778702128591414,-2.256116541642364,-2.0063508393552154,-1.299266222618161,-1.0076218431436643,0.48504798759094236,1
0.2841338548709201,-3.276395702513078,-0.2013231084940058,1.0922016157442505,-0.8605146275417659,1.186763664080431,1
-0.21440212985880105,0.007957514179222615,-0.5203634309073244,1.3797000389712781,1.8523276956962986,0.996169866275312,0
-0.041213790839710135,-1.3343240059511183,-1.060464510819797,-0.14967391262066043,1.1196805966133285,-0.11653110937502764,1
1.1595067994885413,-1.4505219895437105,1.0607009708303825,0.16322187276553093,2.121050872956226,-1.1045408570662572,0
2.3215757144535933,-3.1181266057089116,-2.7089324508847206,-1.1927542647200648,1.39774860919216,0.2519950709482177,1
-1.9558023188436997,-0.1787862130084175,0.8513895149261828,-0.37294617347202974,-1.8977425452049452,-0.1824316466688377,0
0.7608444596625742,2.395673094832118,-1.072481868887218,0.1272714985594989,-1.49187719150444,1.129507414684961,1
-0.11571541984683206,-3.744695039028588,-0.6455608725988282,0.37264636335372797,-0.8669562347624523,0.5924358130497737,1
-0.44767590441924776,-0.7344623180524891,1.6061093432216174,-3.526600889261455,0.36047179731337486,-1.664872801995596,0
0.9188015814320301,-3.474371819752812,1.5224766527842433,-0.16510778168449705,-0.4025007625700512,1.6082288775555995,1
-1.2905225537720766,-0.057634672654780415,-0.0862193086180909,-0.7755125179864931,-0.6384292825217968,-1.3226833816028298,1
1.3429161987035625,-0.5415937000310254,-3.096171692520386,-0.5888950222295064,-1.386345166878058,0.3473053563390561,1
-0.5060400440901431,-1.5074976572895906,1.0451962591261932,-0.48951083838738146,1.5566039980681334,-1.187770717611516,0
1.2345935506370975,0.17714592233385126,0.30201456792206915,0.22029256543293177,1.0106446917449405,-1.8865999318358777,1
-1.285777578850672,-1.3671145552238395,-1.3760988386227975,-1.9399552868907906,3.2118489283499616,-2.617084132768981,1
-1.0147000613679071,-1.874866358308025,0.4179673596301007,-0.051624848775017204,-3.913322028333746,-0.1373353868607985,0
-1.9351018888222666,-1.4243530281605128,0.8134419812854735,1.695867870264246,-1.131602739523911,-0.419749361498852,0
2.482722633506019,-1.571582728756856,2.1676922451138156,1.1178842167204708,-0.6938528564143112,-2.358152230266383,0
0.4060910015052045,0.05922255123467011,1.128914112666356,1.365565799438584,1.5476184868270595,-1.0849694445104603,0
1.2693504035652579,-1.3342419844359286,-0.46376591731148087,-0.7812069928052332,-1.3515810900669503,1.7703644658436564,1
0.10403256613143609,-2.028563205961263,-4.170450707113506,1.8559717141256689,-2.5902332091608047,2.206707076737678,1
-1.876732690605906,-1.784910320974102,-1.3979049779006496,2.143629649007419,-1.66633980959622,1.7011934970682816,1
0.7748536164992023,-0.14414451689049804,1.704607377801755,-0.5434641028714946,0.8569694375472747,0.7693524460496581,0
-1.025090232998061,-0.26662701125170585,-0.5476809802578142,0.933679069613061,0.945186943345353,0.6837333606806857,0
1.025149631458152,-1.1551789500515712,2.1030623786059177,-1.0136879241089791,2.5547169778435137,-2.6959069954853936,0
-0.4979132884724702,-2.221939337607107,-1.410864506961904,-0.7109631746187063,1.1674065740594084,0.4705244248303404,1
-0.8170410138293219,-0.6631358489236465,-2.6066617073194234,1.2072216378777836,-0.7267418188150572,0.20971651201147024,1
-1.1737037565320536,-1.4688427284361483,-2.016781875186797,0.613722668220156,1.7361966496743182,-0.4476492117440428,1
0.6153030459303955,-0.5292159413040999,0.8325540772623335,-0.6012560594241623,0.9207294072003961,-0.5350935390867523,0
0.42373777421691783,-0.8996051250065803,1.1785626486523815,-0.8403519611232805,1.3215760321346959,-1.1296231403691355,0
0.35448020756664833,-2.0035502869735775,-1.9748413236872762,0.5982479420804089,2.3552827521752184,-0.6621228765315772,1
1.532283940939929,-1.4929452602351925,-1.8575174950529467,0.48203718166189746,-2.057345225530895,1.7603310498161218,1
-1.4692663538962847,-0.2930382373412077,2.289011164686597,0.5847500415686108,-0.46969289049393015,-0.2789895478789963,0
-0.7909203482753744,-0.8546719087153319,2.1265923050910622,1.1397773027863731,-0.6964124752494325,1.1369498018099775,0
0.21710207707300716,-0.9304384651713994,1.0939208175369601,0.6948996504182086,3.06455465538963,-1.3543218882009929,0
-0.9988174849680351,-1.7210940810392814,2.117211219923529,-0.8408935131367249,4.016980719259966,-3.029378832470803,0
0.4562279661427793,-2.2460466520743654,-0.9536455241195644,1.10189382957561,-1.4792332433969675,1.5942647925797755,1
1.2446741829477834,-2.0023559231670904,-1.7507386002453786,0.2946354213186359,1.5953661728725752,-0.9193987089654576,1
1.4831642340189222,-1.5903325184667432,2.6158711375122743,-0.6386100912291749,-2.0371160632210055,1.8226282067179704,0
-1.3735751347837946,-0.049682152779239395,-4.444302663805306,0.5439954099257552,-1.3471123798174478,0.21878300239167692,1
-0.6064946570547539,2.4618910506434672,-3.3941588464421972,0.17647777366169784,-0.8294930991945185,-0.2117112391138436,1
-0.07158031363907534,-0.13113179175727954,2.4701063723847527,1.4407322540430707,0.3692859431207802,0.2978783466838708,0
0.030202499087784936,-0.9447714695954496,0.24242301607842376,0.5124524178964714,-0.8283955776507359,0.2325982384722145,0
0.39223686010704617,-2.5432397739826875,2.25002339122349,-1.3338698177580608,-0.5412061995950184,1.781097287483831,1
-0.049112740820797376,-1.4019794668567838,0.4426757763602862,-0.14245584543342765,-0.8828492679416462,1.2150302843122123,1
-0.04904713136563216,-0.9728699888877289,-1.5484021289525927,-3.208716997085623,-1.1193862567498705,1.3703130115320108,1
1.3185951892410843,-0.8546312892492524,1.8428050413329031,-1.6505455123294759,2.6946316538802026,-2.1937412226177475,0
-1.6223593608292952,-0.388740238670217,-2.750634150415979,-0.6917085570812088,-1.0243045200322154,0.7845736013577738,1
0.3688188465618666,-0.2944894736407252,-0.5742478235601898,0.5352863251870043,-1.8961552921410636,1.7345351570486485,0
-1.119413395117954,0.07044931079789571,-1.7366929945067056,0.03507994424760618,-1.9747872159473792,1.5237222831079325,1
-0.6809047712612645,-2.0998105888118683,-1.5656292649194148,0.23654301577376297,1.066465290081807,0.8380566904845601,1
0.15680542500815736,-0.9110064429379202,-1.534956065872723,-0.5896271250627912,-0.56706133201418,0.7312286283710157,1
-1.7271269506487288,-0.014026420635347668,0.06103537482644339,-1.435658010849124,-0.019856800021034404,0.7470170621684444,0
0.3369131840101546,-0.22705578278407415,1.3345099430096987,1.9015261396768028,0.8211226903452504,0.8771101672152007,0
-1.4546816932922682,-1.9264675971832959,2.716646103210908,0.3998764611080112,-3.921295673442717,0.5568860035112186,0
0.5450223985456236,-1.237760837886602,-3.317318690224444,-0.7364831386866699,-1.194905052058316,0.48123265608377563,1
-0.6328757188142163,1.901176360012908,0.560629010521024,0.5648621328444692,-0.7250408199480827,0.5480528806479359,0
-3.034851209683288,0.37702037634499097,-3.8016602322561273,-0.44166005786932794,-0.5921426247571729,-1.2585081222953898,1
-1.3192897411072464,-1.6948865552229737,1.896063580981186,-0.31188395102822686,-0.6340428878345566,2.0899772161244234,1
0.6435073390224824,-0.253423762061014,1.7993195411914433,0.3464371529183369,-0.2652142330242544,1.110884426092418,1
0.681167997928601,-1.526939373492588,1.5503800728652555,-0.7648015025006947,-2.1345687861489155,1.2671734345983114,0
1.427945617044158,-0.9781040664222388,0.3134330660909471,-0.14484088915670604,-0.16507951422169487,1.7217220145871757,0
-0.11993701639906054,-2.2962087689269883,1.7758033289340802,-1.1240224465834556,4.03574173622877,-2.5802087131526013,0
-0.5508430481607179,-0.4105116123516789,-1.536835874899527,0.5055371085629283,2.3777923383255333,-1.1377436837466932,1
0.4859244784188398,-1.7445992046679213,-0.9915500177603276,0.20348255970990722,1.5621680918324845,-0.4499119516583041,1
-1.0695292143138013,-1.2749837409227358,1.5770483721671975,0.29460624656345336,-0.5846904697317408,2.4190026669187867,0
-1.2261122106137305,-1.3961808062299816,1.4213511356797548,0.15027283849109216,2.106232365600791,-1.6839389786343761,0
-0.14255192246942278,-0.3560041314963295,1.4568849564252155,0.3525256361832775,-2.10729377809168,-0.8937347483034813,0
1.2353215575355705,-1.5823997248018462,-2.2585150883828855,0.09851578873082532,2.1487210630332227,-1.3866769328365371,1
-0.9233762648890207,-0.6499836502726358,-0.06088936676234913,1.7519408012342468,0.5084711729666438,-1.949336180737156,1
1.8413973559348484,-0.8539402018679477,2.0469050280025183,0.5983304293535957,-0.5547532013499575,1.2559766403809274,0
-0.1712437430395513,-1.2406905399206174,0.5986185648528339,1.0689226639139502,-1.0764365767859758,1.4644980286083347,0
-0.28701331659935714,-0.012477776760862723,-1.8923680934405613,1.5746993952928312,-1.0856958159357817,0.8068586403868188,1
-1.370446012473881,-0.23919451801838612,-0.4338618297641502,2.0566734007277154,1.062304813185613,-0.12370667629406618,1
0.703953343861084,0.3205033729382679,-1.9952978151621237,0.0017419092610139496,-1.4128880713408019,0.9082416309670848,1
-1.2977434650873123,-1.6464787437913408,-1.6434102216545292,-0.8547719014214109,0.9303072041931998,-1.2703514458898497,1
-0.02360983655410573,1.7923389036340973,1.8658386610689668,-0.9677662723511666,0.9064299167723866,-2.669750510641367,1
-0.5596329900011908,-0.7595325618381871,-4.1946633881926605,-0.38791566440658865,-2.215061689724836,1.0913985460190845,1
0.3831664825121913,-1.4736691491695524,-0.6903100281346661,2.92105921550692,0.27910141592853854,-1.161576101504311,1
-2.3422489755453264,-0.68627606058013,2.4232256934597736,-0.43436257869664285,-0.28791679931429126,1.1472178430659359,0
-0.5010125643635395,-1.8983454940728268,1.759078130383683,1.925817085524771,-4.245155842728334,-0.1596329267488874,0
-1.2711865856033908,-0.34831334059579433,2.9857607823612846,0.2485904641160157,2.438967308513251,-3.749576550338554,0
-0.2929520578880914,-1.523914690885562,2.281318935509752,-0.4390998071387473,-2.7974986185458537,0.6007537109867646,0
-1.791681875175104,0.1795764677714938,0.3205004529792621,1.104602870853685,0.8924936375092165,-0.22516175021055418,1
1.7997787956185731,-0.8765752937033744,-0.04634163434883698,1.8581443951806909,0.0030778260249166856,-2.2166520735461774,1
-0.3987102872823469,-0.9695070296270024,1.123983850482527,0.47003779991691663,-0.4386110946004981,1.5790942406858282,0
0.1080213521498812,-1.667067514241317,-1.4692292583031905,-1.1638260429083342,2.900986683392526,-0.9482154842092582,1
1.2328909387325686,-1.262161205844453,-0.4188848265093774,0.30046900025413387,-0.3326531801824033,2.1987071736649737,0
-0.7185775685613232,-0.6124178151803423,1.1458913095066687,0.17096290229343353,1.2669130190633329,-0.922208171539148,0
-1.0013571102250405,-0.5755936804335022,1.0357893825963296,-1.2254416154794985,-0.7230091095044314,-0.023553830771319895,0
-0.7290203076937296,-0.372115114240853,0.9612672777955715,0.8287050091192787,-0.4141392217758485,-0.2852730087629185,0
-0.6805014099352478,-0.07754895216391824,-0.024009413343555552,-1.660196105692003,0.18721183991985801,-1.2074679185678865,1
-0.329893576375372,-2.6258816675033207,-0.1533973757386733,-0.4424249609442423,-1.3148616287929267,2.019145215118267,1
1.3538610457612887,-1.1628936740327724,-1.6290276679832312,-0.4757958384420724,0.8016601105358989,3.0114139753714597,0
-0.5803784020094609,1.1425701787706117,1.6635942236598824,-0.6519785996075662,0.9828315591863633,-1.4729818450417624,0
0.9411894813820654,-1.3801613039764025,-2.8178656871193657,-1.0168670426828237,-0.034631274901280484,-1.5248932167772584,1
-0.9048252395765266,-1.1047655022478928,0.6945370211807645,-1.6932906069915163,-0.8581926088836629,1.3247039664189952,0
-0.5267669980107511,-1.9751734297684762,-2.2061925898449872,0.07062529546730298,-0.2869849715173082,4.010582153674379,0
-1.1947881488243302,-2.396242163587663,-3.5261733624337284,-0.48261802320055797,3.780791594820047,-1.6341335938778696,1
-0.4984376990286009,-0.6849544891409932,-0.4872638167741645,0.2220889249765419,-0.34978727903164986,-0.7814209638431645,1
-0.5241451474437061,-2.2521756443394416,-0.3855108227533297,0.041777211542316256,-1.223297391260194,1.5428503348487703,1
-1.3436698078619222,4.110840443059134,-4.154529341481039,0.6162642892406905,-2.191390007844926,1.1471059950954008,1
-1.0156625075265313,-0.23676026166091138,-0.5023516326226153,-0.8448828362146031,-0.44191922725246535,0.8559167053806939,1
-0.1133612853403547,2.720905313551713,-2.472284645059117,-0.7717793337721939,-1.3447095629738148,0.3626889828484511,1
0.9393385133560376,0.5779216189218014,-0.5715999811497342,0.46299558477720065,1.3879774080142893,-3.3072149647980904,1
1.6836948014061004,-0.5594188530910325,1.4836074372026882,0.56809212321897,2.264116301403652,-1.6722418269280293,0
0.2346887586069811,-2.437001460562597,1.3409047595136705,-0.5692469800091952,0.8675058588374105,-1.7839549695334984,0
-0.12996376626389933,0.7307350387221804,0.16209420598422708,1.446853189369308,-2.1876615955329077,0.8955061803538102,0
-1.6405125250157502,0.3880669270115452,2.379983134329636,-1.2677540971431387,0.8910377674666066,-0.6583007904303868,0
0.19354191058237516,-1.0063395612832369,1.6755780393680806,0.025406498240115934,0.3948984117266061,-1.7879662888521235,0
0.317309811846052,-0.866932866202574,-1.9704389167005638,-1.0176009603486227,-1.5208883546880119,1.3874590931756954,1
2.4619550426413555,-2.2729736622508048,1.3908768675039231,1.2855861831859283,1.4479260330120074,-1.749996879476415,0
-0.6034170676435879,-1.0817624745512848,0.35590362062328396,-0.1368736902262755,-1.282547964507842,1.708694214272478,1
-0.540052655725256,-0.7233846273173993,-0.8499074521257626,0.46830647308415063,0.811959856836826,1.8491442111094618,0
0.42384278292257294,-1.2689569443886504,-1.51380601375667,0.20399757674009938,-0.05706460929020252,0.06100614800523774,1
-1.2117127897283893,-1.4225282550991452,0.7816860661019643,-0.9571219874668201,-0.6627295667032349,-0.5377317350974901,0
-0.4706991157125441,-0.8900726559043173,3.195384014896179,0.5926888532061764,-2.506701420115582,-0.7743027823171742,0
-0.06264155060340436,-1.5205029225147397,0.007921223009844436,-0.6353327230179628,4.022765953575794,0.2640597388899184,0
-1.0540079494235925,0.17967820022451284,1.5879810019801153,-0.27285304764913987,0.7666508459258574,-0.36483199872474636,0
0.4976516874114195,-2.2780061199050414,1.2850560069046812,0.8432047684759405,2.4391746129845755,-1.7281425880258392,0
-0.733371011785068,-0.8233272507279056,0.4378034587034507,1.690840614945016,-0.12110920670565073,0.5194906328075314,1
-0.6347649605304574,0.8889903871799919,-1.0538169696809216,-1.0035870241430187,-2.0334244053692547,1.948482974410229,1
-0.6413723578991266,-2.8284249461984796,1.528527781204659,0.5955436959602244,2.9355127930042464,-2.0334383860172918,0
-1.3414149280622731,-0.4195095837775349,1.8319243905394664,0.8908855105254827,0.4516706430073122,-1.926681358136939,0
-0.9400329521391813,-1.0333394319581162,-0.9092851951565057,-0.15856667378206954,-1.411840989390653,1.8778335297671391,1
0.15972068522457075,-3.544309376514242,-4.409607713216328,-0.09170300462644712,2.421499432303872,-0.49157738059913647,1
-0.6081261740936739,-2.5135050985713465,1.0772034302428954,0.40673338213855476,2.1954163379069747,-1.398131530821434,0
-0.7225943922986201,-0.6941243721098792,-1.4146393480261363,0.016271862639359074,-1.4666357389805948,1.5695600711095634,1
0.20589514984248794,-1.5355815244109916,-1.0771695317571452,-0.44834998960775635,0.9150795181916349,-0.551582455630412,1
1.0442097994690107,-0.0363352029415275,1.3996046900521872,1.0907793861094883,0.05933092606068624,-1.1298954387134579,0
-0.4312845186210107,1.4040899525189556,2.026882360397858,-0.4835657308640947,1.9952649314349622,-1.9721354130472364,0
-0.5666272683572873,-1.8347710833154456,1.1092906836159548,-2.39061706554271,2.383239046522829,-1.3351227787093605,0
-1.040102795168136,-1.0586129093702683,1.1305614121091931,1.2633361060154489,-1.1783293727810513,0.9032758838927517,0
-0.019524584060256374,-1.1234572000322496,-1.1256565117116357,-0.5782476425342454,-0.8820845891120555,0.42141324713313744,1
-1.0098524951569852,-1.195973560179536,1.538221627095984,0.5337186170115596,-2.578794684397214,-0.300316881987011,0
-0.6249450340823272,-0.23815013720909298,-1.2604966568575722,-0.754979281086466,2.2122828561756367,-3.341491572622262,1
-0.05851375623105794,-1.4622728989754252,0.6778995437929942,-0.3249627440089156,-0.5252366790220488,1.2970775339897729,1
-0.563040167926046,-0.21690180336640832,0.19852556551540212,-0.535887052228857,1.7991242722221568,1.7891455651366142,0
0.3730063415743067,-1.1577958286560723,-1.4702667093575283,-0.38400940310806264,1.9933275114535107,-1.3180843218162948,1
0.1761653425304337,-3.584360894340492,-0.19908555107864756,1.255864900924614,-1.043881145464673,2.012552489435829,1
-0.8005939577319969,-3.745641110501623,-3.667205813142488,-0.38231709250864093,2.798805884220588,0.1841630795078546,1
-1.503916697699289,0.2523999815756749,2.898838719734532,-0.05058021787891535,0.9905452408136024,-0.0010192746256005858,0
-0.0649411864599131,-2.7530860877576173,1.74239263368611,-0.9964352565631742,3.5163539105742605,-2.583194171597393,0
0.18515417125113143,-1.3678294666643067,0.501813489521916,-0.7037483323488956,-1.0682635797073354,1.851164989662724,0
1.011056314701752,-0.5598784737911208,0.9932086565624227,0.7226531824481749,-0.7254416773985422,-0.6813296628174704,0
-0.8079614053306114,0.8076248358526555,-0.4562245154527792,-0.18490359286574373,-0.6569998316272265,0.6374481109146998,1
0.7614103906611738,-0.6263234987271569,0.9299478445488839,-1.3121778561844806,-1.0282166756366817,-0.5502150928244343,0
-0.20953968492410827,-1.4329372009922554,0.8941129084554467,0.16502426389218522,0.5066909877256847,-0.6792942700341879,0
0.47030373190912644,-1.031943125066851,0.4351302848095231,-0.8458697831476987,0.1509077244474033,-0.10536673027355703,0
0.25739670758861355,2.292298123103562,3.0225386504994387,0.20242255683458177,-0.9692096151624083,-1.6905297475122518,1
-0.6180819419174101,-1.0602294717559206,2.0067679859492564,-0.9059992070903264,2.261664052198981,-2.4590835540715164,0
2.6127265555712422,-1.6733071553412562,0.1952033469579998,0.08269285811280527,-1.1942032342251478,2.551406648083105,0
-0.6001609594572499,-1.403458887419658,-0.019032039259787137,0.0012842273615967072,0.38100177620745124,0.4578271550322994,0
-0.803042498293161,-0.8826500887160146,-1.4941689659321624,0.6094799043476737,0.8445397741138286,-3.2251534609642487,1
1.7234685131043206,-1.6873878834322495,2.4706926851769637,0.17511992395191264,-2.689759240630625,1.2559211228457476,0
0.7709887486559708,-1.1992904359194798,-0.3671365452479356,0.6882945069574317,-1.035317559419711,1.1597591980269677,0
-1.4851744056891314,-0.03745198921808903,0.6091430455009195,-0.10029517822380789,-1.5951319391821097,0.08145980510498418,0
-1.0205489368924519,-0.3201926725542512,-1.2473561075941737,0.9391141947569448,-1.15604011102789,0.9036818032460505,1
0.6281017251159416,-3.3089792958969158,-2.9133717660742016,-1.5575921751382118,1.3087461262205164,-0.3295992517543044,1
-0.6473961031429784,-1.4817544687846576,0.27969248822296633,1.8847441071261022,-1.909916465439023,1.0929083333707386,0
-0.10674808077512327,-0.1394061673723135,1.6410021255173552,-1.3022892841939908,1.4227247465815593,-1.6872990174508806,0
1.8329446847325928,-0.23604611654159305,-0.9624644887892163,-0.8887638046653972,2.053887147326516,-1.4163777241425177,1
-1.5320055896370504,0.3844698714653675,0.6612981467276745,1.2055497918829317,-2.4210919578364845,0.2556836724286484,0
-0.7436311442394803,-1.038151497093536,1.004490657133085,0.3967903798754434,1.4579327754754217,-0.9074631891482272,0
-2.1108828130859774,-1.8893235916198106,-0.25252820096079165,0.6530697417684431,1.9937873758770643,0.6484916459769299,0
-1.1542400777362274,-2.0414945017808885,-0.3096972070332662,-0.9738708995365956,-0.773649348007174,4.080255613410553,0
1.909668453376771,-1.7996389781789786,0.7151561704614652,1.0356796848284613,-2.2411669051874745,1.7728755178891595,0
-0.48712078750100185,-2.4629363751517483,-3.269590256918914,0.6413565674416167,3.426667996021758,-0.11133211201593318,1
1.0933625520050427,-0.34490984753369314,2.346109200915638,0.47196892561849463,-0.5254508777239221,-0.17319579847340694,0
-1.446150541113004,-0.1755669325967917,-1.5574624389092002,-1.3189312171607814,2.7648553396395017,-3.186069102661534,1
0.051823954261950814,-1.298408469558703,3.4998115989904584,0.571764298242661,-3.9351273250588577,-1.2033501947625318,0
0.3402260354367558,-0.5695865240902973,1.5525833565425375,0.5966605848191792,-1.7636506872697042,-1.1940109402601289,0
-1.6750866222135776,-0.039198344857817834,-2.2402406130434964,1.5021791936369082,-0.911591146133023,0.02673504544797911,1
1.0104589525807397,-1.7398275879604959,-3.0064039650539915,-0.07181774176878442,2.771124376412056,-1.5013092532553174,1
2.504116635659197,-0.16908407673811768,0.48845106042620745,0.7507174703079146,1.1341042110795891,0.9028188428465355,0
0.4527609602085382,-0.7607384690040756,0.7999545920207618,0.5519617308709233,1.9113200522264429,-0.7963812940681203,0
1.4169476744080929,1.085514153896709,-0.6918828876083061,0.2935112725406706,0.05026182898728426,-0.978590061046885,1
-0.32892205452808587,-1.0093023864086477,-1.5988815693858145,0.25970467858846946,0.8495198873198996,-0.22544524419442113,1
-0.12598506441603283,-1.810225299758666,1.5083400158478604,0.7900857908483176,0.959195556157581,-1.8184284421521038,0
0.018349663294422648,-0.6382840625266352,0.0278736517029905,-1.4790590288823808,0.20368654482703286,-0.6983417916045018,1
0.03836303784039971,-0.7622267130352762,2.288288618462248,1.251764821508785,-1.1194421273893944,0.3441466148510287,0
-0.16866204188055514,-0.47344918061133123,1.7512335881944456,0.8087027159069371,1.8822856235052399,-1.910670183761484,0
1.8431609863079197,0.9490177185278045,-3.5362032999375286,1.4501658439180982,-1.0490541557507032,-0.2393436699664122,1
-0.25975259400607875,-2.7003576840288654,-3.6615390084911166,0.5304050040686344,2.8755544476646504,-0.3353145603908848,1
-0.6168658631337971,-0.532555956892881,0.6842671877092111,0.3221373748360232,-1.1202232130606795,-0.741711736849763,0
0.2796171442327144,-1.5365786561607746,1.2358825084824212,0.42933771488932204,2.768038713081954,-1.5842295119289407,0
-1.3810282000817535,-3.473146059159651,-1.8474959029454878,2.529173292741922,0.4378299862258993,-0.05389226765466337,1
-0.9460410249321873,-2.2628971165210783,1.2817607037985668,-0.2120120008665933,3.8259202454401735,-1.8224492394132377,0
-0.48403297772473375,-2.4187389513758815,-2.5573662239439816,-1.2316196076447763,1.6535660546136348,-0.5106446465239675,1
-2.046123834590889,-0.8308118975937903,-0.5962497078295448,2.315675853404997,0.7202120684130011,2.16029201199872,0
-0.767969906884521,-1.7210993380025918,-1.1250942767883556,-0.653325096327138,0.6110380465594801,-0.9325502657288568,1
-0.03141378221176057,-1.9298612937196926,1.2230418805531738,-2.26571390577371,2.914190792680867,-1.5491889561367453,0
-1.3165806648263159,-1.9737244709361288,-2.615519741526817,-0.9323867291231118,2.7993061539157758,-0.9340939277737264,1
-1.8156568628287897,-1.6483035844825928,2.3012278561277375,0.35144360183124246,-2.5768211594877517,1.2716487685602749,0
-3.0023365246635274,-0.17169056316893896,0.09551198859522736,-0.8944469943168573,2.017055246374005,1.8891552798417077,0
-0.24339068945171474,-3.1702679858428313,-3.48817344602576,-0.6295462851434779,2.835721685108379,0.5385259889138998,1
1.7476129694849472,-2.092961422752538,0.6487075072553243,-1.760375703726017,-2.807134547430271,1.9388145050578731,0
-1.2062598388427117,-0.6392280885109075,0.7420770958526794,-1.52797503985892,0.35656541279913434,-0.3205499429864601,0
0.7497991205629585,-3.0065792783179406,0.670448057352531,-0.5009833375541198,1.3894398821128968,-0.8297681451196915,0
-0.43856950723579635,-0.7668609328858077,-0.32835729426260496,-0.31401908437250603,0.9677437550284047,1.013582047290698,0
0.03845550003393574,-1.5324598486309018,1.1526412162826385,0.6759972720691676,3.1130860512437195,-1.456335216240266,0
0.7287620491123158,-1.4792499828935812,1.6709607823632047,-0.4826982501064858,2.6386588580007646,-2.19003292874904,0
0.39436923578894545,-0.2277830960172216,2.667723024739763,-0.6641728880217317,-0.06056785472602111,0.102716164288158,0
-0.5713122399645758,-1.0668689168449612,-1.4638129953064185,-0.9299585431919251,2.119023853191693,-2.2063648522344486,1
-0.4242370103441262,-0.6364716935882051,0.920966213773406,0.40330753706360806,0.11784941694046669,-0.6516048590442278,0
1.1213317301802594,-2.82630672219684,-0.22973937499080965,-0.24749356582149742,-0.3647821472566636,0.7028588803129884,1
-0.11241209574207228,-0.5652576860715831,-0.2603431297495601,1.6531423912163028,-0.18818175293640937,-3.0295738834248924,1
1.1018164041750895,-0.926241148338305,-2.8560819228179195,-0.5314411810995038,2.5926839793437138,-3.1543607115571954,1
-0.38338738069231326,-0.8693351190182448,4.394752265789625,-0.5169679065880242,-2.2500192771061895,-0.22111383648272964,0
1.326148750177584,-0.4195081699274579,1.162312997567318,0.13343124226622938,-0.5291040666007851,-0.8970134912820176,0
0.7376192734295107,0.3511160122421687,2.3236089181939126,1.407519253118087,0.773044029726484,-2.4033425566876083,0
-0.01842046394671004,-2.3345534237948615,-3.3367230743075544,-0.9359979772981744,2.5218244512955383,0.13485795075535845,1
-1.2809577282334832,-2.6661735607447317,0.05170947509699153,-1.644060598061911,1.1611781214850099,0.03874293804265605,0
-0.9429658560540234,0.1656170500638597,-0.061626902654894344,0.3234429015624588,0.4715664031766429,-0.7568478814831433,1
0.4220348098174106,-1.1491515561759484,2.2194330040212784,-0.28795297337481035,-0.17114907166347237,1.1181673913863301,1
0.4692081132842425,-2.2152457620347854,-3.0589765194356797,-0.4002659955247187,2.031671127094297,-0.9171011881311452,1
2.6714407388091654,-1.3366373144453478,-1.9418130548158832,0.6270503753431778,-0.4845965729625744,0.054970918138849356,1
0.11779756367210734,-2.7057099811996594,-0.5274397563596324,-0.009068010035927382,-1.2548392354478983,1.608493122112756,1
